{
    "$schema": "http://json.schemastore.org/template",
    "author": "Code Endeavors",
    "classifications": [ "Web", "MVC", "vue" ],
    "identity": "CodeEndeavors.ASPNETVueMPA.Template",
    "name": "Vue ASP.NET Multi-Page Application Template",
    "description": "Code Endeavors Vue ASP.NET Multi-Page Application Template",
    "shortName": "codeendeavors-aspnetvuempa",
    "sourceName":"CodeEndeavors.ASPNETVueMPA",
    "tags": {
      "language": "C#",
      "type": "project"
    },
    "symbols": {
      "ApplicationVariableName": {
        "type": "parameter",
        "description": "Variable name for the application (must be valid variable name, no spaces)",
        "dataType": "string",
        "defaultValue": "myapp",
        "defaultIfOptionWithoutValue": "myapp",
        "replaces": "myapp",
        "fileRename": "myapp"
      },
      "IncludeSampleCRUD": {
        "type": "parameter",
        "description": "Adds sample CRUD page",
        "dataType": "bool",
        "defaultValue": "true",
        "defaultIfOptionWithoutValue": "true"
      }
    },
    "sources": [
      {
        "modifiers": [
          {
            "condition": "(!IncludeSampleCRUD)",
            "exclude": [
              "CodeEndeavors.ASPNETVueMPA.Web/Controllers/CustomerController.cs",
              "CodeEndeavors.ASPNETVueMPA.Web/Views/Customers/Edit.cshtml",
              "CodeEndeavors.ASPNETVueMPA.Web/Views/Customers/Index.cshtml"
            ]
          }
        ]
      }
    ],
    "preferNameDirectory": true,
    "postActions": [
      {
        "description": "npm install",
        "manualInstructions": [
          { "text": "Run 'npm install' from the Web folder" }
        ],
        "actionId": "3A7C4B45-1F5D-4A30-959A-51B88E82B5D2",
        "args": { "executable": "dotnet", "args": "build -t:npmInstall" }
      }
    ]
  }